appid,name,price,developer,publisher,average_forever,median_forever,ccu,genres
1748523,Starry Moon Island Cannon War MP04,99,TigerQiuQiu,TigerQiuQiu,0,0,0,[]
1748524,Starry Moon Island Cannon War MP05,74,TigerQiuQiu,TigerQiuQiu,0,0,0,[]
1748525,Starry Moon Island Cannon War MP06,99,TigerQiuQiu,TigerQiuQiu,0,0,0,[]
1748526,Starry Moon Island Cannon War MP07,99,TigerQiuQiu,TigerQiuQiu,0,0,0,[]
1748527,Starry Moon Island Cannon War MP08,99,TigerQiuQiu,TigerQiuQiu,0,0,0,[]
1748528,Starry Moon Island Cannon War MP09,99,TigerQiuQiu,TigerQiuQiu,0,0,0,[]
1748529,Starry Moon Island Cannon War MP10,99,TigerQiuQiu,TigerQiuQiu,0,0,0,[]
1748530,Starry Moon Island Perimeter MP01,99,TigerQiuQiu,TigerQiuQiu,0,0,0,[]
1748531,Starry Moon Island Perimeter MP02,74,TigerQiuQiu,TigerQiuQiu,0,0,0,[]
1748532,Starry Moon Island Perimeter MP03,99,TigerQiuQiu,TigerQiuQiu,0,0,0,[]
1748533,Starry Moon Island Perimeter MP04,99,TigerQiuQiu,TigerQiuQiu,0,0,0,[]
1748534,Starry Moon Island Perimeter MP05,99,TigerQiuQiu,TigerQiuQiu,0,0,0,[]
1748535,Starry Moon Island Perimeter MP06,99,TigerQiuQiu,TigerQiuQiu,0,0,0,[]
1748536,Starry Moon Island Perimeter MP07,99,TigerQiuQiu,TigerQiuQiu,0,0,0,[]
1748537,Starry Moon Island Perimeter MP08,99,TigerQiuQiu,TigerQiuQiu,0,0,0,[]
1748538,Starry Moon Island Perimeter MP09,99,TigerQiuQiu,TigerQiuQiu,0,0,0,[]
1748539,Starry Moon Island Perimeter MP10,74,TigerQiuQiu,TigerQiuQiu,0,0,0,[]
1748540,Starry Moon Island DNA War MP01,99,TigerQiuQiu,TigerQiuQiu,0,0,0,[]
1748541,Starry Moon Island DNA War MP02,99,TigerQiuQiu,TigerQiuQiu,0,0,0,[]
1748542,Starry Moon Island DNA War MP03,99,TigerQiuQiu,TigerQiuQiu,0,0,0,[]
1748543,Starry Moon Island DNA War MP04,99,TigerQiuQiu,TigerQiuQiu,0,0,0,[]
1748544,Starry Moon Island DNA War MP05,74,TigerQiuQiu,TigerQiuQiu,0,0,0,[]
1748545,Starry Moon Island DNA War MP06,99,TigerQiuQiu,TigerQiuQiu,0,0,0,[]
1748546,Starry Moon Island DNA War MP07,99,TigerQiuQiu,TigerQiuQiu,0,0,0,[]
1748547,Starry Moon Island DNA War MP08,99,TigerQiuQiu,TigerQiuQiu,0,0,0,[]
1748548,Starry Moon Island DNA War MP09,74,TigerQiuQiu,TigerQiuQiu,0,0,0,[]
1748549,Starry Moon Island DNA War MP10,99,TigerQiuQiu,TigerQiuQiu,0,0,0,[]
1748550,Starry Moon Island Tank Advance MP01,74,TigerQiuQiu,TigerQiuQiu,0,0,0,[]
1748551,Starry Moon Island Tank Advance MP02,99,TigerQiuQiu,TigerQiuQiu,0,0,0,[]
1748552,Starry Moon Island Tank Advance MP03,74,TigerQiuQiu,TigerQiuQiu,0,0,0,[]
1748553,Starry Moon Island Tank Advance MP04,74,TigerQiuQiu,TigerQiuQiu,0,0,0,[]
1748554,Starry Moon Island Tank Advance MP05,74,TigerQiuQiu,TigerQiuQiu,0,0,0,[]
1748555,Starry Moon Island Tank Advance MP06,99,TigerQiuQiu,TigerQiuQiu,0,0,0,[]
1748556,Starry Moon Island Tank Advance MP07,74,TigerQiuQiu,TigerQiuQiu,0,0,0,[]
1748557,Starry Moon Island Tank Advance MP08,99,TigerQiuQiu,TigerQiuQiu,0,0,0,[]
1748558,Starry Moon Island Tank Advance MP09,99,TigerQiuQiu,TigerQiuQiu,0,0,0,[]
1748559,Starry Moon Island Tank Advance MP10,99,TigerQiuQiu,TigerQiuQiu,0,0,0,[]
1748560,Starry Moon Island Cannonade MP01,99,TigerQiuQiu,TigerQiuQiu,0,0,0,[]
1748561,Starry Moon Island Cannonade MP02,74,TigerQiuQiu,TigerQiuQiu,0,0,0,[]
1748562,Starry Moon Island Cannonade MP03,99,TigerQiuQiu,TigerQiuQiu,0,0,0,[]
1748563,Starry Moon Island Cannonade MP04,99,TigerQiuQiu,TigerQiuQiu,0,0,0,[]
1748564,Starry Moon Island Cannonade MP05,74,TigerQiuQiu,TigerQiuQiu,0,0,0,[]
1748565,Starry Moon Island Cannonade MP06,99,TigerQiuQiu,TigerQiuQiu,0,0,0,[]
1748566,Starry Moon Island Cannonade MP07,99,TigerQiuQiu,TigerQiuQiu,0,0,0,[]
1748567,Starry Moon Island Cannonade MP08,74,TigerQiuQiu,TigerQiuQiu,0,0,0,[]
1748568,Starry Moon Island Cannonade MP09,74,TigerQiuQiu,TigerQiuQiu,0,0,0,[]
1748569,Starry Moon Island Cannonade MP10,74,TigerQiuQiu,TigerQiuQiu,0,0,0,[]
1748570,Hexmet World,,,,0,0,0,[]
1748446,Starry Moon Island Out Of Control MP07,74,TigerQiuQiu,TigerQiuQiu,0,0,0,[]
1748447,Starry Moon Island Out Of Control MP08,74,TigerQiuQiu,TigerQiuQiu,0,0,0,[]
1748448,Starry Moon Island Out Of Control MP09,74,TigerQiuQiu,TigerQiuQiu,0,0,0,[]
1748449,Starry Moon Island Out Of Control MP10,74,TigerQiuQiu,TigerQiuQiu,0,0,0,[]
1748450,Sword of Hypotenuse Soundtrack,1599,iamrece,iamrece,0,0,0,[]
1748460,Starry Moon Island Red Snake MP01,49,TigerQiuQiu,TigerQiuQiu,0,0,0,[]
1748461,Starry Moon Island Red Snake MP02,99,TigerQiuQiu,TigerQiuQiu,0,0,0,[]
1748462,Starry Moon Island Red Snake MP03,74,TigerQiuQiu,TigerQiuQiu,0,0,0,[]
1748463,Starry Moon Island Red Snake MP04,74,TigerQiuQiu,TigerQiuQiu,0,0,0,[]
1748464,Starry Moon Island Red Snake MP05,99,TigerQiuQiu,TigerQiuQiu,0,0,0,[]
1748465,Starry Moon Island Red Snake MP06,99,TigerQiuQiu,TigerQiuQiu,0,0,0,[]
1748466,Starry Moon Island Red Snake MP07,74,TigerQiuQiu,TigerQiuQiu,0,0,0,[]
1748467,Starry Moon Island Red Snake MP08,74,TigerQiuQiu,TigerQiuQiu,0,0,0,[]
1748468,Starry Moon Island Red Snake MP09,74,TigerQiuQiu,TigerQiuQiu,0,0,0,[]
1748469,Starry Moon Island Red Snake MP10,74,TigerQiuQiu,TigerQiuQiu,0,0,0,[]
1748470,Starry Moon Island Star Ocean MP01,99,TigerQiuQiu,TigerQiuQiu,0,0,0,[]
1748471,Starry Moon Island Star Ocean MP02,99,TigerQiuQiu,TigerQiuQiu,0,0,0,[]
1748472,Starry Moon Island Star Ocean MP03,99,TigerQiuQiu,TigerQiuQiu,0,0,0,[]
1748473,Starry Moon Island Star Ocean MP04,99,TigerQiuQiu,TigerQiuQiu,0,0,0,[]
1748474,Starry Moon Island Star Ocean MP05,99,TigerQiuQiu,TigerQiuQiu,0,0,0,[]
1748475,Starry Moon Island Star Ocean MP06,99,TigerQiuQiu,TigerQiuQiu,0,0,0,[]
1748476,Starry Moon Island Star Ocean MP07,99,TigerQiuQiu,TigerQiuQiu,0,0,0,[]
1748477,Starry Moon Island Star Ocean MP08,99,TigerQiuQiu,TigerQiuQiu,0,0,0,[]
1748478,Starry Moon Island Star Ocean MP09,99,TigerQiuQiu,TigerQiuQiu,0,0,0,[]
1748479,Starry Moon Island Star Ocean MP10,99,TigerQiuQiu,TigerQiuQiu,0,0,0,[]
1748480,Starry Moon Island Break Out MP01,99,TigerQiuQiu,TigerQiuQiu,0,0,0,[]
1748481,Starry Moon Island Break Out MP02,99,TigerQiuQiu,TigerQiuQiu,0,0,0,[]
1748482,Starry Moon Island Break Out MP03,99,TigerQiuQiu,TigerQiuQiu,0,0,0,[]
1748483,Starry Moon Island Break Out MP04,99,TigerQiuQiu,TigerQiuQiu,0,0,0,[]
1748484,Starry Moon Island Break Out MP05,99,TigerQiuQiu,TigerQiuQiu,0,0,0,[]
1748485,Starry Moon Island Break Out MP06,99,TigerQiuQiu,TigerQiuQiu,0,0,0,[]
1748486,Starry Moon Island Break Out MP07,74,TigerQiuQiu,TigerQiuQiu,0,0,0,[]
1748487,Starry Moon Island Break Out MP08,99,TigerQiuQiu,TigerQiuQiu,0,0,0,[]
1748488,Starry Moon Island Break Out MP09,99,TigerQiuQiu,TigerQiuQiu,0,0,0,[]
1748489,Starry Moon Island Break Out MP10,99,TigerQiuQiu,TigerQiuQiu,0,0,0,[]
1748490,Jackpot Bennaction - B03 : Discover The Mystery Combination,699,R. Benny,Bennaction,0,0,0,[]
1748500,Starry Moon Island Mobile Stronghold MP01,99,TigerQiuQiu,TigerQiuQiu,0,0,0,[]
1748501,Starry Moon Island Mobile Stronghold MP02,99,TigerQiuQiu,TigerQiuQiu,0,0,0,[]
1748502,Starry Moon Island Mobile Stronghold MP03,99,TigerQiuQiu,TigerQiuQiu,0,0,0,[]
1748503,Starry Moon Island Mobile Stronghold MP04,99,TigerQiuQiu,TigerQiuQiu,0,0,0,[]
1748504,Starry Moon Island Mobile Stronghold MP05,99,TigerQiuQiu,TigerQiuQiu,0,0,0,[]
1748505,Starry Moon Island Mobile Stronghold MP06,99,TigerQiuQiu,TigerQiuQiu,0,0,0,[]
1748506,Starry Moon Island Mobile Stronghold MP07,99,TigerQiuQiu,TigerQiuQiu,0,0,0,[]
1748507,Starry Moon Island Mobile Stronghold MP08,99,TigerQiuQiu,TigerQiuQiu,0,0,0,[]
1748508,Starry Moon Island Mobile Stronghold MP09,99,TigerQiuQiu,TigerQiuQiu,0,0,0,[]
1748509,Starry Moon Island Mobile Stronghold MP10,74,TigerQiuQiu,TigerQiuQiu,0,0,0,[]
1748520,Starry Moon Island Cannon War MP01,99,TigerQiuQiu,TigerQiuQiu,0,0,0,[]
1748521,Starry Moon Island Cannon War MP02,99,TigerQiuQiu,TigerQiuQiu,0,0,0,[]
1748522,Starry Moon Island Cannon War MP03,74,TigerQiuQiu,TigerQiuQiu,0,0,0,[]
1748020,Kusari Kingdom,699,Hidden Lotus Games,Hidden Lotus Games,0,0,0,[]
1748030,Dextram Demo,,,,0,0,0,[]
1748050,A Sinful Camp,999,"Boru, BananaKing","Playmeow, ACG creator",0,0,2,[]
1748060,Starcross Starcade Special,,,,0,0,0,[]
1748070,Storage Chase,59,NikiGames, NikiGames,0,0,0,[]
1748090,Juicy Bois: Fashion & Conflict,99,Kofi-S,ShangkoStudio,0,0,0,[]
1748100,Freedom Farming - The American Way,,,,0,0,0,[]
1748160,Warlordocracy,499,"Brian Lancaster, Laughing Coyote Software","Brian Lancaster, Laughing Coyote Software",0,0,0,[]
1748170,Fiasco Restoration and Repair,,,,0,0,0,[]
1748210,Lovely Animal Stories,199,Baltic Dog Games,Baltic Dog Games,0,0,0,[]
1748220,Rocklen Playtest,,,,0,0,0,[]
1748230,RESTLESS SOUL,1499,Fuz Games,Graffiti Games,0,0,0,[]
1748240,Rectitude,149,Sean Robbins, SB Media Productions LLC,0,0,0,[]
1748250,Only Evil Remains,,,,0,0,0,[]
1748260,Circuit City,599,Lucid Silence Games,Lucid Silence Games,0,0,0,[]
1748290,Hardcore Cruising: A Sci-Fi Gay Sex Cruise!,2699,Y Press Games,Y Press Games,0,0,0,[]
1748300,Dear Monster,2999,"Lovenuts, Y Press Games",Y Press Games,0,0,15,[]
1748310,Octofight Escape,0,Spinware,Spinware,0,0,0,[]
1748330,Sand: A Superfluous Game,1499,Voided Pixels Studio,Voided Pixels Studio,0,0,0,[]
1748340,Finding Home,1499,Dream Darker Entertainment,Dream Darker Entertainment,0,0,0,[]
1748370,The Hunt,,,,0,0,0,[]
1748380,Our Brotherly War,,,,0,0,0,[]
1748400,Starry Moon Island,,,,0,0,0,[]
1748410, MONSTER HUNTER RISE - Pre-order bonus Add-on Content,,,,0,0,0,[]
1748420,The Break-In Demo,,,,0,0,0,[]
1748440,Starry Moon Island Out Of Control MP01,99,TigerQiuQiu,TigerQiuQiu,0,0,0,[]
1748441,Starry Moon Island Out Of Control MP02,74,TigerQiuQiu,TigerQiuQiu,0,0,0,[]
1748442,Starry Moon Island Out Of Control MP03,99,TigerQiuQiu,TigerQiuQiu,0,0,0,[]
1748443,Starry Moon Island Out Of Control MP04,49,TigerQiuQiu,TigerQiuQiu,0,0,0,[]
1748444,Starry Moon Island Out Of Control MP05,74,TigerQiuQiu,TigerQiuQiu,0,0,0,[]
1748445,Starry Moon Island Out Of Control MP06,74,TigerQiuQiu,TigerQiuQiu,0,0,0,[]
1747520,Yuzi Lims: Puzzle,299,Snkl Studio,Snkl Studio,0,0,0,[]
1747570,Crazy Athletics - Summer Sports & Games,1599,Crazysoft Limited,Crazysoft Limited,0,0,0,[]
1747580,SGS Fall Weiss,,,,0,0,0,[]
1747590,Kenopsia,,,,0,0,0,[]
1747620,Crazy Athletics - Summer Sports & Games Soundtrack,,,,0,0,0,[]
1747630,For The Hive,,,,0,0,0,[]
1747650,The Darkest Tales — Into the Nightmare,,,,45,49,0,[]
1747660,Mother of All Secrets,,,,0,0,0,[]
1747670,Jewel Match Twilight 3 Collector's Edition,999,Suricate Software,Grey Alien Games,0,0,2,[]
1747680,Faraway: Jungle Escape,499,Pine Studio,Snapbreak,0,0,3,[]
1747690,Faraway: Arctic Escape,,,,0,0,0,[]
1747700,ASTRO ACE Soundtrack,99,Irondales Entertainment,Irondales Entertainment,0,0,0,[]
1747710,HentaiGothicGirl - Wallpapers,299,KARTEA Games,KARTEA Games,0,0,0,[]
1747720,Silent Sector Demo,,,,0,0,0,[]
1747750,Flyland Wars: 3 Model Trains,399,Loren Logic,Loren Logic,0,0,0,[]
1747760,Momodora: Moonlit Farewell,,,,0,0,0,[]
1747770,Trail of Ayash Playtest,,,,0,0,0,[]
1747780,Hentai Girls Sliding Puzzle - ArtBook,99,LineArtBabe,DIG Publishing,0,0,0,[]
1747790,Catellite-609: feline space adventure,1299,ZorKI,ZorKI,0,0,0,[]
1747800,Legendary Mahjong 2,799,IP Izmailov Vladimir Yurievich,HH-Games,0,0,1,[]
1747810,X-Plane 11 - Add-on: Aerosoft - Airport Kassel,1499,"Stairport Sceneries, FlightSim Studio AG",Aerosoft GmbH,0,0,0,[]
1747820,Crom: Journey of Conquest Demo,,,,0,0,0,[]
1747830,Blossom Tales 2: The Minotaur Prince,1124,"Castle Pixel, LLC.",Playtonic Friends,0,0,1,[]
1747840,"BetterRecorder - Record Screen, Video and Audio",3499,BetterRecorder,BetterRecorder,0,0,0,[]
1747850,Blocks Must Fall!,599,Night Steed Games,Night Steed Games,0,0,1,[]
1747860,Halloween Night,,,,0,0,0,[]
1747880,Idle Pins Playtest,,,,0,0,0,[]
1747890,Demon Turf: Neon Splash,499,Fabraz,Playtonic Friends,0,0,1,[]
1747900,Enchanted Blacksmith,,,,0,0,0,[]
1747940,Neon Arena,99,beans rolls,beans rolls,0,0,0,[]
1747960,Planet Zoo: North America Animal Pack,999,Frontier Developments,Frontier Developments,0,0,0,[]
1747980,RedShip,499,Dry Duck LLC,Dry Duck LLC,0,0,0,[]
1747990,Stirring Abyss Soundtrack,,,,0,0,0,[]
1748000,Fastest Hands In The WASD: Official Soundtrack 2,,,,0,0,0,[]
1747030,The Trials,199,BLUE LIFE,BLUE LIFE,0,0,0,[]
1747050,Sam & Max: Beyond Time and Space,1999,Skunkape Games,Skunkape Games,0,0,4,[]
1747080,Neeron: The Blade of Nature,,,,0,0,0,[]
1747100,Eclipse Soundtrack,163,MadRock,MadRock,0,0,0,[]
1747110,Base Wars,499,Everlasting Games,Everlasting Games,0,0,0,[]
1747130,Mandinga-A Tale fo Banzo - Wallpapers,199,Uruca Game Studio,Uruca Game Studio,0,0,0,[]
1747140,Henchman Story Soundtrack,899,Silken Sail Entertainment,Silken Sail Entertainment,0,0,0,[]
1747150,Jackpot Bennaction - B02 : Discover The Mystery Combination,699,R. Benny,Bennaction,0,0,0,[]
1747160,Pornocrates: Osiris's Seed,1499,"Orgiflix Club, Ojoy Studios","Orgiflix Club, Orgipix Prod",0,0,1,[]
1747180,Sheepy: A Short Adventure Demo,,,,0,0,0,[]
1747190,Lighthaze World,,,,0,0,0,[]
1747210,Escape From Planet Aelea,,,,0,0,0,[]
1747220,Neverspring Chronicles,999,Durance Gaming,Durance Gaming,0,0,0,[]
1747260,Survival Quiz CITY Visitor's Pass,,,,0,0,0,[]
1747300,Selobus Fantasy,799,ラストロジー,WASABI entertainment,0,0,1,[]
1747310,Catana,349,Adept Studios GD,Alawar Entertainment,0,0,0,[]
1747330,A Lose Hero in the Castle of the Succubi,1899,Dieselmine,Dieselmine,0,0,1,[]
1747340,Hentai Girls Sliding Puzzle,59,LineArtBabe,DIG Publishing,0,0,0,[]
1747350,TOEM Original Soundtrack,799,Something We Made,Something We Made,0,0,0,[]
1747370,Gpi,99,WATU,WATU,0,0,0,[]
1747380,Training Summary Discount Pack,,,,0,0,0,[]
1747420,IRON GUARD Soundtrack,,,,0,0,0,[]
1747430,Bomberpet,299,Lucky Dog,Lucky Dog,0,0,6,[]
1747440,Rocket Jump,199,Coresaken,Coresaken,0,0,0,[]
1747450,成土市的我 CTCity,,,,0,0,0,[]
1747460,Best Month Ever! Demo,,,,0,0,0,[]
1747470,Road Diner Simulator,,,,0,0,0,[]
1747480,Hoplegs DLC,199,WhyKev,,0,0,0,[]
1747490,Fantasy Match Puzzle,199,Boogygames Studios,Boogygames Studios,0,0,0,[]
1747500,Crom: Journey of Conquest,1499,Martijn van Leeuwen,Halberd Entertainment,0,0,0,[]
1746500,AsMagnet,299,StudioYoshiko,StudioYoshiko,0,0,0,[]
1746530,Confessions at Candlewood Lake,699,Double Peach Productions,Little Black Book Entertainment,0,0,0,[]
1746540,游戏：异星,99,陈国仁,陈国仁,0,0,0,[]
1746550,Between Time: Escape Room Soundtrack,74,mc2games,mc2games,0,0,0,[]
1746560,Blacken Slash,999,ehmprah,ehmprah,0,0,0,[]
1746580,PAYDAY 2: Jiu Feng Smuggler Pack 3,399,OVERKILL - a Starbreeze Studio.,,0,0,0,[]
1746590,Crystal Story Dawn of Dusk,,,,0,0,0,[]
1746600,Monster Tribe Demo,,,,0,0,0,[]
1746610,Confessions at Candlewood Lake Soundtrack,199,Double Peach Productions,,0,0,0,[]
1746620,Where is Paradise?,399,Spynosa Studio,Spynosa Studio,0,0,0,[]
1746630,69 Erika Love,199,Loolust,Loolust,0,0,0,[]
1746640,邪恶勇者,99,孤单工作室,孤单工作室,0,0,0,[]
1746650,Paradise Trails,999,HFTGames,HFTGames,0,0,0,[]
1746660,Space Ballers,199,Rackaway Studios,Rackaway Studios,0,0,0,[]
1746670,Flappy Shooter Demo,,,,0,0,0,[]
1746690,Fantasy Sliding Puzzle - ArtBook,99,Lolita LineArt,DIG Publishing,0,0,0,[]
1746700,The Alchemist Shop: An Apprentice's Life,299,Lumo Entertainment,Lumo Entertainment,0,0,0,[]
1746730,Hidden Objects - Cartoon Fantasy,199,Boogygames Studios,Boogygames Studios,0,0,0,[]
1746740,Master of the Wizards Demo,,,,0,0,0,[]
1746760,BOOMER SLAYERS,799,Yury Himin,Yury Himin,0,0,0,[]
1746770,The Chicken's Fall,299,Raya Games,Raya Games,0,0,0,[]
1746780,Savior of Light ,,,,0,0,0,[]
1746830,Sailing Stone,199,Psyonx Studio,Psyonx Studio,0,0,0,[]
1746840,STHELL Demo,,,,0,0,0,[]
1746850,Savior of Light Demo,,,,0,0,0,[]
1746870,Serene Asylum,,,,0,0,0,[]
1746890,"Kingdom Fall, Dawn of the Druid",,,,0,0,0,[]
1746900,Politicians for Clip maker,999,Games For Pleasure,Games For Pleasure,0,0,0,[]
1746910,Hack Grid - Master Levels,99,Daisy Games,Daisy Games,0,0,0,[]
1746920,Claydo,1999,Appy Monkeys Software Pvt. Ltd.,Appy Monkeys Software Pvt. Ltd.,0,0,0,[]
1746970,Cat Clicker,99,Violet Moon,Violet Moon,0,0,0,[]
1746980,RAIN IN THE ABYSS,,,,0,0,0,[]
1745990,Lost but Lucid,499,Three-Toed Studios,Three-Toed Studios Inc.,0,0,0,[]
1746040,Technikiller,,,,0,0,0,[]
1746080,You are a slave!,99,Uintani,Uintani,0,0,0,[]
1746110,人中怪物多人版,399,九头龙工作室,九头龙工作室,0,0,0,[]
1746120,Halloween Trouble 3,899,Ironcode Gaming,Ironcode Gaming,0,0,1,[]
1746130,Onmyoji in the Otherworld: Sayaka's Story,1999,Debonosu Works,Shiravune,0,0,1,[]
1746150,Nosos,799,Steth Games,Steth Games,0,0,0,[]
1746210,日记簿,99,白猫技研 MDGames,白猫技研 MDGames,0,0,0,[]
1746220,Lonely Mountains: Downhill - Riley's Return,,,,0,0,0,[]
1746230,Too Many Humans,799,RealityZ,RealityZ,0,0,0,[]
1746260,Trainz 2019 DLC - Centrella Sub Division,1999,Hiawathamr,N3V Games,0,0,0,[]
1746280,Ball Ranger,499,o2o,o2o,0,0,0,[]
1746290,Animation Studio Manager Playtest,,,,0,0,0,[]
1746300,Remy Raccoon and the Lost Temple Demo,,,,0,0,0,[]
1746320,Graduated Playtest,,,,0,0,0,[]
1746330,TFM: The First Men Playtest,,,,0,0,0,[]
1746340,Poop Plague in Fairyland,999,Babooshka Bytes,xavenue,0,0,0,[]
1746350,Waiting For The Raven Soundtrack,,,,0,0,0,[]
1746360,Graduated Demo,,,,0,0,0,[]
1746370,DUMB: Treasure,,,,0,0,0,[]
1746400,Westmark Legacy,,,,0,0,0,[]
1746410,Last Days of Lazarus Demo,,,,0,0,0,[]
1746420,Ripple 涟,299,Leta Games,Leta Games,0,0,0,[]
1746440,Mirror Layers: Escape Room Prologue,,,,0,0,0,[]
1746450,Sadness Of Valor Demo,,,,0,0,0,[]
1746470,Adventure In Aellion - Anniversary Gift,,,,0,0,0,[]
1745480,Phantom Project,499,Astravelari LLC,Astravelari LLC,0,0,0,[]
1745490,Ragnar Demo,,,,0,0,0,[]
1745500,Battle Bands Demo,,,,0,0,0,[]
1745510,Lunacid,699,KIRA LLC,KIRA LLC,0,0,23,[]
1745520,REDSHOT,1499,Brian Lynch,Brian Lynch,0,0,2,[]
1745530,Lost Awakening,,,,0,0,0,[]
1745540,Super Toy Cars Offroad Demo,,,,0,0,0,[]
1745550,Axilon: Legend of Artifacts - Prologue,,,,0,0,0,[]
1745560,The oldest edda,,,,0,0,0,[]
1745620,The Oath of The Dark Magic Queen,499,DessertTheory,Sekai Project,0,0,1,[]
1745630,Steel Rain - Dawn of the Machines Demo,,,,0,0,0,[]
1745640,MACE: Mapinguari's Temple,499,Tavern Tale Studio,Tavern Tale Studio,0,0,0,[]
1745650,Dat Hentai Game,199,Red King,Red King,0,0,0,[]
1745690,Deluge: Threnody of Crashing Waves,,,,0,0,0,[]
1745700,Impossible Slasher! Hack and Slash,,,,0,0,0,[]
1745710,"Cato, the cat",99,Creativer Game Studio,Creativer Game Studio,0,0,0,[]
1745730,Rogue Rising Demo,,,,0,0,0,[]
1745740,Laserboy,,,,0,0,0,[]
1745750,Occult Crime Police,,,,0,0,0,[]
1745760,Brave Tales,,,,0,0,0,[]
1745770,Soyuz Constructors Demo,,,,0,0,0,[]
1745780,Substance 3D Modeler 2023,14999,Adobe,Adobe,0,0,5,[]
1745790,City Zoomer,499,planetrenox,planetrenox,0,0,1,[]
1745800,Doom Work,199,"Nibb Games, Guimaraf Studio",Nibb Games,0,0,0,[]
1745810,Scaredom,,,,0,0,0,[]
1745820,Love Hentai and Puzzles: Dungeon Boobs,499,Wet Noob,Wet Noob,0,0,0,[]
1745830,Order Road Soundtrack,299,derevotyan,derevotyan,0,0,0,[]
1745840,Love Hentai and Puzzles: Cyberpunk Babes,499,Wet Noob,Wet Noob,0,0,0,[]
1745860,Speed Creators,,,,0,0,0,[]
1745870,Zorya Digital Art Book and Wallpapers,99,Madlife Divertissement,TLM Partners,0,0,0,[]
1745880,Zippo,199,Spike Studio,Spike Studio,0,0,0,[]
1745890,Voidwalkers - Hell's Gate Character Editor,374,Sympl Games,Sympl Games,0,0,0,[]
1745900,Fruit Ninja VR 2 Demo,,,,0,0,0,[]
1745920,征服者之王,,,,0,0,0,[]
1745930,Her Jentle Hi-ness Demo,,,,0,0,0,[]
1745940,RPG Sounds - On Ancient Sands - Sound Pack,499,Cast n Play,,0,0,0,[]
1745960,Circuit Breaker,499,Still Pending Games,Still Pending Games,0,0,0,[]
1745970,GoonyaFighter - Additional character: Uiro,99,MUTAN,MUTAN,0,0,0,[]
1745040,History of Football World Cup,99,Dejavu Games,Dejavu Games,0,0,0,[]
1745090,Custodian: Beginning of the End Demo,,,,0,0,0,[]
1745140,Sweet Desire 3,,,,0,0,0,[]
1745170,Primitier,1999,ootamato,ootamato,0,0,3,[]
1745180,Ravager Demo,,,,0,0,0,[]
1745190,Against Ether,,,,0,0,0,[]
1745200,Sexy Airlines,,,,4404,4404,0,[]
1745210,Timewell: Trail of Celestes,2499,OZBER CIN,OZBER CIN,0,0,0,[]
1745220,Mr.DomusMundi,499,Dnovel,Dnovel,0,0,0,[]
1745230,Age of Ascent Playtest,,,,0,0,0,[]
1745240,KEMONOPOLY,599,EXAMGAMES,EXAMGAMES,0,0,0,[]
1745260,Girls Cairo  Papyrus,,,,0,0,0,[]
1745270,SCP: Doki Doki Anomaly Demo,,,,0,0,0,[]
1745280,Magitek VR,1499,"Liam Poli, Dion Cuttriss, Michael Pogson",Tek Studios,0,0,2,[]
1745310,與經紀人戀愛是絕對禁止！,1099,"樹懶叫工作室, sloth gamer",Mango Party,0,0,28,[]
1745340,WhenNightComes,299,WANGXING,WANGXING,0,0,0,[]
1745350,Clash of the Metal,,,,0,0,0,[]
1745360,Dynacat,,,,0,0,0,[]
1745370,Ragnar,399,2 Bit Determine,2 Bit Determine,0,0,0,[]
1745380,UNDER the WATER,999,IndieMax,IndieMax,0,0,2,[]
1745390,High Tech Low Life®,,,,0,0,0,[]
1745410,Skattered Dream,499,Sapling Studios,Sapling Studios,0,0,0,[]
1745430,Beasts of Burden,,,,0,0,0,[]
1745440,Destiny 2: Triumphant Silver Bundle,1499,Bungie,Bungie,0,0,0,[]
1745460,Festival Tycoon - Supporter Package,499,Johannes Gäbler,"Future Friends Games, Johannes Gäbler",0,0,0,[]
1745470,GRID Legends - Deluxe Upgrade,1999,Codemasters,Electronic Arts,0,0,0,[]
1745471,GRID Legends: Mechanic Pass,99,Codemasters,Electronic Arts,0,0,0,[]
1745472,GRID Legends: Voltz Pack,,,,0,0,0,[]
1745473,GRID Legends - Pre-Order Content,799,Codemasters,Electronic Arts,0,0,0,[]
1745474,GRID Legends: Valentin’s Classic Car-Nage,999,Codemasters,Electronic Arts,0,0,0,[]
1745475,GRID Legends: Enduring Spirit,999,Codemasters,Electronic Arts,0,0,0,[]
1745476,GRID Legends: Rise of Ravenwest,999,Codemasters,Electronic Arts,0,0,0,[]
1744750,东方求闻音录,99,晨雾幻想·器乐团,星雨似剑,0,0,0,[]
1744760,The Adventures of Detective Bron,,,,0,0,0,[]
1744770,Rocklen,,,,0,0,0,[]
1744780,DRAGON BALL FIGHTERZ - Android 21 (Lab Coat),499,Arc System Works,BANDAI NAMCO Entertainment,0,0,0,[]
1744790,Match Three Pirates II,999,Graphium Studio,Denda Games,0,0,0,[]
1744810,BLUE REFLECTION: Second Light - Bunny Ear Headband - Accessory,,,,0,0,0,[]
1744811,BLUE REFLECTION: Second Light - Summer Bikini - Costume for Ao,,,,0,0,0,[]
1744812,BLUE REFLECTION: Second Light - Hoshinomiya Extreme Makeover Swimsuit - Costume Set,,,,0,0,0,[]
1744813,BLUE REFLECTION: Second Light - Uniform Alt. Color - Costume Set,,,,0,0,0,[]
1744814,BLUE REFLECTION: Second Light - Extreme School Makeover Kit,,,,0,0,0,[]
1744815,BLUE REFLECTION: Second Light - Jump Start Fragment Set,,,,0,0,0,[]
1744816,BLUE REFLECTION: Second Light - Special Photo Frame - Bulletin Board,,,,0,0,0,[]
1744817,BLUE REFLECTION: Second Light - Sunflower Headband & Summer Sunglasses,,,,0,0,0,[]
1744818,BLUE REFLECTION: Second Light - Season Pass,4499,"KOEI TECMO GAMES CO., LTD.","KOEI TECMO GAMES CO., LTD.",0,0,0,[]
1744819,BLUE REFLECTION: Second Light - Hoshinomiya Uniform - Costume Set,,,,0,0,0,[]
1744820,Flibbles,,,,0,0,0,[]
1744830,BLUE REFLECTION: Second Light - Costume Set - Hospitable Kitties,1499,"KOEI TECMO GAMES CO., LTD.","KOEI TECMO GAMES CO., LTD.",0,0,0,[]
1744831,BLUE REFLECTION: Second Light - Ao Costume - Hospitable Kitty,199,"KOEI TECMO GAMES CO., LTD.","KOEI TECMO GAMES CO., LTD.",0,0,0,[]
1744832,"BLUE REFLECTION: Second Light - Kokoro, Kirara & Hiori Costumes - Hospitable Kitties",499,"KOEI TECMO GAMES CO., LTD.","KOEI TECMO GAMES CO., LTD.",0,0,0,[]
1744833,"BLUE REFLECTION: Second Light - Rena, Hinako & Uta Costumes - Hospitable Kitties",499,"KOEI TECMO GAMES CO., LTD.","KOEI TECMO GAMES CO., LTD.",0,0,0,[]
1744834,"BLUE REFLECTION: Second Light - Yuki, Shiho & Mio Costumes - Hospitable Kitties",299,"KOEI TECMO GAMES CO., LTD.","KOEI TECMO GAMES CO., LTD.",0,0,0,[]
1744835,BLUE REFLECTION: Second Light - Crafting Function - Ether Synthesis,99,"KOEI TECMO GAMES CO., LTD.","KOEI TECMO GAMES CO., LTD.",0,0,0,[]
1744836,BLUE REFLECTION: Second Light - Additional Map - Hidden Southern Island,799,"KOEI TECMO GAMES CO., LTD.","KOEI TECMO GAMES CO., LTD.",0,0,0,[]
1744837,BLUE REFLECTION: Second Light - Costume Set - Beachside Puppies,1499,"KOEI TECMO GAMES CO., LTD.","KOEI TECMO GAMES CO., LTD.",0,0,0,[]
1744838,BLUE REFLECTION: Second Light - Ao Costume - Beachside Puppy,199,"KOEI TECMO GAMES CO., LTD.","KOEI TECMO GAMES CO., LTD.",0,0,0,[]
1744839,"BLUE REFLECTION: Second Light - Kokoro, Kirara & Hiori Costumes - Beachside Puppies",499,"KOEI TECMO GAMES CO., LTD.","KOEI TECMO GAMES CO., LTD.",0,0,0,[]
1744840,"BLUE REFLECTION: Second Light - Rena, Hinako & Uta Costumes - Beachside Puppies",499,"KOEI TECMO GAMES CO., LTD.","KOEI TECMO GAMES CO., LTD.",0,0,0,[]
1744841,"BLUE REFLECTION: Second Light - Yuki, Shiho & Mio Costumes - Beachside Puppies",299,"KOEI TECMO GAMES CO., LTD.","KOEI TECMO GAMES CO., LTD.",0,0,0,[]
1744842,BLUE REFLECTION: Second Light - School Development Facility - Summer Night Vacation,499,"KOEI TECMO GAMES CO., LTD.","KOEI TECMO GAMES CO., LTD.",0,0,0,[]
1744843,BLUE REFLECTION: Second Light - Additional Map - Atelier Ryza Collab Dungeon,799,"KOEI TECMO GAMES CO., LTD.","KOEI TECMO GAMES CO., LTD.",0,0,0,[]
1744850,Hexoplanet,,,,0,0,0,[]
1744870,The Chrono Jotter Original Sound Track,,,,0,0,0,[]
1744880,Nodyssey,,,,0,0,0,[]
1744910,The Radio Station | 深夜放送,499,Chilla's Art,Chilla's Art,0,0,2,[]
1744920,ドロボー幼稚園 Playtest,,,,0,0,0,[]
1744980,X-Plane 11 - Add-on: Aerosoft - Society Islands XP - Bora Bora & Leeward Islands,2999,"Matthias Seewald (Maps2XPlane), Albert Ráfols",Aerosoft GmbH,0,0,0,[]
1745000,Fisherman's House,399,Platuro,Platuro,0,0,0,[]
1745020,Cleromancy,,,,0,0,0,[]
1745030,Falling Kwadrats,799,Gopnik,Gopnik,0,0,0,[]
1744290,Wasteland Warden,,,,0,0,0,[]
1744300,Dogs Organized Neatly Demo,,,,0,0,0,[]
1744310,Furry Shades of Gay - Supporter Art Pack,499,Furlough Games,Furlough Games,0,0,0,[]
1744350,Project Create,,,,0,0,0,[]
1744360,CANNON Soundtrack,99,Sprovieri Games,Sprovieri Games,0,0,0,[]
1744370,UnMetal - Creator Pack,,,,0,0,0,[]
1744380,Richard West and the Golden Mask,399,Day Art's Games,Day Art's Games,0,0,0,[]
1744390,Shop Tycoon Demo,,,,0,0,0,[]
1744400,Jujubos Puzzle,299,Dininho,Dininho,0,0,0,[]
1744410,The Artful Escape - Original Soundtrack,479,Beethoven and Dinosaur,Annapurna Interactive,0,0,0,[]
1744420,Halloween Memory: Reborn,799,halloweenreborn,halloweenreborn,0,0,0,[]
1744430,Fairy Godmother Stories: Miraculous Dream Collector's Edition,1399,Domini Games,Big Fish Games,0,0,1,[]
1744450,Indirection,299,Jacob Allen,Jacob Allen,0,0,0,[]
1744460,Soul Climb,299,Victor Gabler,Gabler Games,0,0,0,[]
1744470,Guns and Grapples Demo,,,,0,0,0,[]
1744510,Ballin',199,Toby Hollister,Toby Hollister,0,0,0,[]
1744540,Wife Quest - Art Book,169,Pippin Games,,0,0,0,[]
1744550,Skullgirls: Umbrella,999,Hidden Variable Studios,Autumn Games,0,0,0,[]
1744560,Wife Quest Soundtrack,159,Pippin Games,Pippin Games,0,0,0,[]
1744580,EVAN QUEST,99,Archor Wright,Archor Games,0,0,0,[]
1744600,Dodge It! - Gas Mask,99,samuel crevier,,0,0,0,[]
1744601,Dodge It! - 3D Glasses V2,99,samuel crevier,,0,0,0,[]
1744610,Prime Directive,,,,0,0,0,[]
1744620,Dance of Cubes,99,Eivind Magnus Hvidevold,Eivind Magnus Hvidevold,0,0,0,[]
1744640,Nineteen,199,PLAYCASTLE,"CFK Co., Ltd.",0,0,0,[]
1744650,Iris Covenant –Song of the Forgotten Heroes–,999,MaraStudio,MaraStudio,0,0,0,[]
1744670,Back 4 Boobs: Sakura's Escape,199,Dr. Linch,"G-lair, Lewd Formosa",0,0,1,[]
1744690,Uncle Nook's Monster Emporium Demo,,,,0,0,0,[]
1744700,Trainz 2019 DLC - Rodnye Prostory Route,1299,TrainzLagutin1995,N3V Games,0,0,0,[]
1744720,Crypt of the Gods Demo,,,,0,0,0,[]
1744730,Firebird: Legend of the Crystal Goddesses Demo,,,,0,0,0,[]
1744740,Born in Blood,,,,0,0,0,[]
1743820,Orph - The Lost Boy,599,Lazy Hamster,Lazy Hamster,0,0,0,[]
1743830,One Military Camp,,,,0,0,0,[]
1743840,My Furry Dictator - 18+ Adult Only Patch,,,,0,0,0,[]
1743850,HYPER DEMON,1499,Sorath,Sorath,276,424,27,[]
1743870,Myriads: Renaissance Demo,,,,0,0,0,[]
1743920,Make Your Kingdom Playtest,,,,0,0,0,[]
1743930,Froggo Swing 'n Grapple,999,SmellyFrog,SmellyFrog,0,0,0,[]
1743940,誰是犯案者 Who is the Criminal,799,莉莉恩工作室,莉莉恩工作室,0,0,0,[]
1744000,S.I.N. Unit Playtest,,,,0,0,0,[]
1744010,Three Fairies' Hoppin' Flappin' Great Journey! Soundtrack,349,yomogi_soft,Phoenixx Inc.,0,0,0,[]
1744020,Domino Effect: Build and Topple,499,nilio,nilio,0,0,0,[]
1744050,Hidden Words,499,Alcedo Games,Alcedo Games,0,0,1,[]
1744060,DOGS.IO,499,Ammonite Design Studios Ltd,Ammonite Design Studios Ltd,0,0,0,[]
1744070,Solomon Snow - First Contact,,,,0,0,0,[]
1744080,DRAGON BALL XENOVERSE 2 - Legendary Pack 2,499,"QLOC, DIMPS",,0,0,0,[]
1744090,Heavy Metal DLC,99,Ironbird Creations,All in! Games,0,0,0,[]
1744091,Legacy Skins DLC,99,Ironbird Creations,All in! Games,0,0,0,[]
1744101,The Dawning Clocks of Time - Part 2,,,,0,0,0,[]
1744102,The Dawning Clocks of Time - Part 3,,,,0,0,0,[]
1744130,Determina,,,,0,0,0,[]
1744140,Conundrum,399,Nogam Game,Nogam Game,0,0,0,[]
1744150,Lawless Lands Blood Pit DLC,299,Corrosive Studios LLC,Corrosive Studios LLC,0,0,0,[]
1744160,Rubber Bandits Soundtrack,699,Flashbulb Games,Flashbulb Games,0,0,0,[]
1744180,Demons of Asteborg Demo,,,,0,0,0,[]
1744190,aton Playtest,,,,0,0,0,[]
1744200,City Legends: The Curse of the Crimson Shadow Collector's Edition,699,DominiGames,DominiGames,0,0,1,[]
1744240,Malmyr Playtest,,,,0,0,0,[]
1744260,Sprite sheet maker for Clip maker,,,,0,0,0,[]
1744270,Indigo Loop,199,mwroberts,mwroberts,0,0,0,[]
1743320,Slime Slam Demo,,,,0,0,0,[]
1743330,What Lies in the Multiverse Demo,,,,0,0,0,[]
1743340,Aspire: Ina's Tale Demo,,,,0,0,0,[]
1743350,KOSHMAR,599,SharkGames,SharkGames,0,0,0,[]
1743380,SCP: Doki Doki Anomaly,599,Flightyfelon Games Inc.,Flightyfelon Games Inc.,0,0,0,[]
1743400,Magical Girl D - Demo,,,,0,0,0,[]
1743410,FORGOTTEN: THE GAME,,,,0,0,0,[]
1743430,Firebird: Legend of the Crystal Goddesses,,,,0,0,0,[]
1743450,Danglebox,,,,0,0,0,[]
1743470,Dirty Wars: September 11,,,,0,0,0,[]
1743530,"Mireille and Amrita, the Forest of Illusions",1999,和菓子日和,WASABI entertainment,0,0,1,[]
1743540,Operation STEEL Soundtrack,699,Undermog Games,,0,0,0,[]
1743570,RFVR,2999,OMFGames,OMFGames,0,0,1,[]
1743580,Horny Elves and a Moral Orc,4499,waffle,MangaGamer,0,0,0,[]
1743610,Running Water,499,Mechanical Dragon Studios,Mechanical Dragon Studios,0,0,0,[]
1743630,Neo Art Space Demo,,,,0,0,0,[]
1743650,TERAVIT,,,,0,0,0,[]
1743660,心灵迷宫（ Mind maze）,90,芸芸众生五人组,芸芸众生五人组,0,0,0,[]
1743670,Axon Hero,,,,0,0,0,[]
1743680,Brave Ball Demo,,,,0,0,0,[]
1743710,100 Doors - Escape from Prison,999,Peaksel,Peaksel,0,0,0,[]
1743720,Typer Hero,99,KeKaiXinLe,KeKaiXinLe,0,0,0,[]
1743730,"SIR, YOU ARE BEING HUNTED: REINVENTED EDITION",,,,0,0,0,[]
1743770,Propnight Public Test,,,,0,0,0,[]
1743780,Scuffed Party,,,,0,0,0,[]
1743790,Dip The Frog,,,,0,0,0,[]
1743810,The forgotten phobia,999,Crooked Road,Piece Of Voxel,0,0,0,[]
1742830,Aebal,,,,0,0,0,[]
1742840,Puff Town,199,Cartoon Game,Cartoon Game,19,19,2,[]
1742850,Card Game Simulator,,,,0,0,0,[]
1742860,Empyrean Scout,,,,0,0,0,[]
1742870,Cargo: TD on Rails,,,,0,0,0,[]
1742880,ファントムゾーン　クリプトファシア,1299,"ファントムゾーン観測室, ケイエル",ケイエル,0,0,0,[]
1742900,Wings Of WW2,699,Paul Connor,Paul Connor,0,0,0,[]
1742910,The Forest Prison,1499,Vlad Cristian,Vlad Cristian,0,0,0,[]
1742950,Lifeflame Compendium,,,,0,0,0,[]
1742970,Narco Lolita,999,Brave Esprit,Brave Esprit,0,0,0,[]
1742980,Cycled Demo,,,,0,0,0,[]
1743000,Against Death: dead-end road,,,,0,0,0,[]
1743010,One Last Memory,999,EpiXR Games UG,EpiXR Games UG,0,0,0,[]
1743020,Cubiverse Demo,,,,0,0,0,[]
1743050,Robo pocket: 3d fighter with rollback,,,,0,0,0,[]
1743060,Eco Park Playtest,,,,0,0,0,[]
1743070,Fuga da Rowei,,,,0,0,0,[]
1743080,Night Cascades,999,Hanako Games,Hanako Games,0,0,0,[]
1743090,Blipz Demo,,,,0,0,0,[]
1743110,Sidequest : the video game,1499,Angry-fromun,Angry-fromun,0,0,0,[]
1743120,Abettor,,,,0,0,0,[]
1743130,Annihilate The Spance Demo,,,,0,0,0,[]
1743140,"I, W.O.M.A.N.",399,Occupational Hazard LLC,Occupational Hazard LLC,0,0,0,[]
1743150,Touch from a Raindrop,,,,0,0,0,[]
1743160,The Penguin IQ Test Demo,,,,0,0,0,[]
1743180,Close Quarters Supremacy The Legis,1499,D.M. Carr,UniLaw Interactive,0,0,0,[]
1743190,LOVE! TRUTH! PUZZLE!,199,玫瑰工作室,玫瑰工作室,0,0,0,[]
1743200,See You In Desolation?,,,,0,0,0,[]
1743220,Spectrum,399,HegyLabs,HegyLabs,0,0,0,[]
1743230,Time of the Clones,999,BadWolf Games,HandMade Games,0,0,0,[]
1743250,Fuga da Rowei Demo,,,,0,0,0,[]
1743260,Welcome to Free Will,,,,0,0,0,[]
1743270,Tell Some Story: Foz Demo,,,,0,0,0,[]
1743280,Lola - The Escape,599,Humberto Jiménez Olea,Hujiol Games,0,0,0,[]
1743290,Sexcraft - Walkthrough,399,Hentai Room,Hentai Room,0,0,0,[]
1743291,Sexcraft - Adult Art Pack,299,Hentai Room,Hentai Room,0,0,0,[]
1742350,Sweet Desire: Hentai Puzzle,299,SweetGamez,SweetGamez,0,0,0,[]
1742360,Esports History,,,,0,0,0,[]
1742400,Andromeda Acolytes Beta,,,,0,0,0,[]
1742440,Cop Bastard,,,,0,0,0,[]
1742450,西游记2021,999,FC Maker,FC Maker,0,0,1,[]
1742460,Esports History Demo,,,,0,0,0,[]
1742470,My Newborn Life In A Harem,1299,Secret Garden,"Playmeow, ACG creator",37,37,6,[]
1742480,Eternal night,430,Mango tea,Mango tea,0,0,0,[]
1742490,The Inspector Demo,,,,0,0,0,[]
1742500,My Dear Frankenstein -English Edition-,499,NUMBER7,Moonchime Studios,0,0,1,[]
1742510,Wreckdigger,0,Karlis Zabers,teamBitClub,0,0,0,[]
1742520,Lullaby Days Soundtrack,899,Sunflo Labs,Sunflo Labs,0,0,0,[]
1742530,My journey to your world,,,,0,0,0,[]
1742540,Monster Tamer,,,,0,0,0,[]
1742560,ROBOBEAT BETA,,,,0,0,0,[]
1742590,TEMPUS,699,k148 Game Studio,k148 Game Studio,0,0,0,[]
1742600,Perish Song,799,Leach Studios,Leach Studios,0,0,0,[]
1742610,Spirits of the Hellements,1199,Hippo Rider,Hippo Rider,0,0,4,[]
1742620,Sudoku Minimalist Infinite,199,Espectro Studios,Espectro Studios,0,0,0,[]
1742640,Fantasy Grounds - Pathfinder(R) for Savage Worlds: Hollows Last Hope,599,"SmiteWorks USA, LLC",,0,0,0,[]
1742650,Fantasy Grounds - Pathfinder 2 RPG - Fists of the Ruby Phoenix AP 2: Ready? Fight!,2499,"SmiteWorks USA, LLC",,0,0,0,[]
1742670,Fantasy Grounds - Starfinder RPG - Starfinder Adventure Path #39: The Gilded Cage (Fly Free or Die 6 of 6),2299,"SmiteWorks USA, LLC",,0,0,0,[]
1742690,Requiem,1999,"Forge Father Games, Inc.","Forge Father Games, Inc.",0,0,0,[]
1742700,The Sanctum,,,,0,0,0,[]
1742710,The Sanctum Demo,,,,0,0,0,[]
1742720,4LEG Playtest,,,,0,0,0,[]
1742730,Greek Tragedy,,,,0,0,0,[]
1742740,Ribby: The Game,,,,0,0,0,[]
1742750,Delta Zero,999,Tyler M Richardson,Tyler M Richardson,0,0,0,[]
1742800,break,,,,0,0,0,[]
1742820,TIMESCAPE: Altitude,1299,Dowrick Games,Dowrick Games,0,0,0,[]
1741880,The Last Plague: Blight Demo,,,,0,0,0,[]
1741890,Astronaut: The Best Demo,,,,0,0,0,[]
1741900,You VS Drugs,,,,0,0,0,[]
1741910,Pathological Tires Demo,,,,0,0,0,[]
1741940,Project Shanto Rancher,,,,0,0,0,[]
1741960,Floppy and the Sleepy Planet Playtest,,,,0,0,0,[]
1741990,Piecewise Demo,,,,0,0,0,[]
1742010,Ghosted,,,,0,0,0,[]
1742030,来自女巫森林的法师-开局+99999金币DLC,19999,Serral_shop,Serral_shop,0,0,0,[]
1742040,Kingslayers,,,,0,0,0,[]
1742050,Hypnagogia: Boundless Dreams Demo,,,,0,0,0,[]
1742060,Purify,599,EI,EI,0,0,0,[]
1742080,Fishing at Lotus Lakes,399,William at Oxford,William at Oxford,0,0,0,[]
1742120,Mary Knots - Garden Wedding,509,Mad Data,HH-Games,0,0,1,[]
1742140,VR crazy racing,299,VR RETRO REMASTER,VR RETRO REMASTER,0,0,0,[]
1742150,第七号列车 - Train No. 7 - 像素表情合集,99,水野的四叶草,Eternal Dream,0,0,0,[]
1742160,Abandoned Playtest,,,,0,0,0,[]
1742170,Eco Park,99,LunaBrod,LunaBrod,0,0,0,[]
1742190,Fated Blade - Official Guide,399,Old Eagle,,0,0,0,[]
1742210,DROPTCH Playtest,,,,0,0,0,[]
1742220,SRPG Studio Ship Material Collection,2499,SapphireSoft,SapphireSoft,0,0,0,[]
1742230,Sandfall,699,Valkyria Games,Aldorlea Games,0,0,0,[]
1742240,Hymns of Resurrection,699,Anima Games,Aldorlea Games,0,0,0,[]
1742250,Electric Car Tycoon,,,,0,0,0,[]
1742260,Sandfall - Official Guide,209,Valkyria Games,Aldorlea Games,0,0,0,[]
1742270,Hymns of Resurrection - Official Guide,399,Anima Games,Anima Games,0,0,0,[]
1742310,Andromeda Acolytes,,,,0,0,0,[]
1742330,TARAKAN,699,M9 Games,M9 Games,0,0,0,[]
1742340,Submarine VR,999,EXTREMESOFT,EXTREMESOFT BILISIM REKLAMCILIK TICARET LIMITED SIRKETI,0,0,0,[]
1741330,Lamentum Soundtrack,699,Obscure Tales,,0,0,0,[]
1741350,Lamentum Artbook,299,Obscure Tales,Neon Doctrine,0,0,0,[]
1741360,启航者礼包,199,FireStone Studio,FireStone Studio,0,0,0,[]
1741370,晋级职业礼包,299,FireStone Studio,FireStone Studio,0,0,0,[]
1741380,Ghostrunner Digital Artbook,149,"One More Level, 3D Realms, Slipgate Ironworks™, All in! Games",505 Games ,0,0,0,[]
1741390,Farm Manager 2021 - Agrotourism DLC,559,Cleversan Games,"PlayWay S.A., Sim Farm S.A.",0,0,0,[]
1741400,Wander Hero,899,Dimension Travler,BD Games,0,0,164,[]
1741410,The Good Life Demo,,,,0,0,0,[]
1741420,OplitisAV,,,,0,0,0,[]
1741440,Koru,,,,0,0,0,[]
1741450,Heroes of the galaxy,,,,0,0,0,[]
1741460,Hell Blasters Soundtrack,699,PlayShift Games,PlayShift Games,0,0,0,[]
1741470,Wingspan: European Expansion,999,Monster Couch,"Monster Couch, Stonemaier Games, indienova",0,0,0,[]
1741480,Ultimaze,399,Solarshaper,Solarshaper,0,0,0,[]
1741490,Undying Lantern,799,GoldenGratus,GoldenGratus,0,0,0,[]
1741500,Circle of Kerzoven Playtest,,,,0,0,0,[]
1741510,Traffic Command: Reborn,799,hellydevelop,hellydevelop,0,0,0,[]
1741520,Air Strike,199,beans rolls,beans rolls,0,0,0,[]
1741530,Astria Ascending - Cosmetic Weapon Set,299,Artisan Studio,"Dear Villagers, Maple Whispering Limited",0,0,0,[]
1741540,ROUGH KUTS: The House of the Dead,99,ROUGH KUTS,ROUGH KUTS,0,0,0,[]
1741550,名字没想好,19999,Serral_shop,Serral_shop,0,0,0,[]
1741580,Trilha Sonora Original - IRMÃO Grande & Brasileiro 2,199,"Marcolovania, Virgula Leal",Jogo Joia,0,0,0,[]
1741600,Coloring Pixels - Retro Pack,99,ToastieLabs,ToastieLabs,0,0,0,[]
1741620,Spirit and Katana,999,Kaisouroku Games,Kaisouroku Games,0,0,0,[]
1741630,Cheftastic!: Buffet Blast Playtest,,,,0,0,0,[]
1741650,Iron Age,,,,0,0,0,[]
1741660,I'm Not Jelly Playtest,,,,0,0,0,[]
1741670,Hedgie Simulator,399,Eltar,Eltar,0,0,0,[]
1741680,The Elm Game Demo,,,,0,0,0,[]
1741700,NASCAR 21: Ignition - Career Boost,,,,0,0,0,[]
1741730,FORTRESS DEFENDER,1499,opmregisters,opmregisters,0,0,0,[]
1741740,Eternal Warfare Demo,,,,0,0,0,[]
1741760,ATOM RPG Trudograd - War Supply Pack,499,AtomTeam,AtomTeam,0,0,0,[]
1741820,Fantasy Grounds - Men of Wyndhaven,599,"SmiteWorks USA, LLC",,0,0,0,[]
1741830,Texture Assembler,599,VintProg,VintProg,0,0,1,[]
1741840,Fantasy Grounds - Pathfinder(R) for Savage Worlds: Rise of the Runelords! - Guide to Varisia,799,"SmiteWorks USA, LLC",,0,0,0,[]
1740840,Idle Monkeylogy - Starter Pack,499,Imoyokan,"Idle System, Inc.",0,0,0,[]
1740841,Idle Monkeylogy - Monkey Pack,1499,Imoyokan,"Idle System, Inc.",0,0,0,[]
1740850,角斗士学院,599,"Together  Game, project bamboo",Together  Game,0,0,1,[]
1740870,Augmented Future,499,Spicy Noodle Studios,Spicy Noodle Studios,0,0,0,[]
1740890,I Love Finding Pups,699,Tiny Little Lion,Boomzap Inc,0,0,0,[]
1740920,修仙缥缈录,,,,0,0,0,[]
1740950,Queen of Succubus,1019,シュラインズゲート,Muso Project,0,0,0,[]
1740980,蛊婆 - 绝命逃亡,,,,0,0,0,[]
1740990,Lawnmower Game: Space Fight,199,"Tero Lunkka, Valkeala Software","Tero Lunkka, Valkeala Software",0,0,0,[]
1741010,SOK MAX PRO,99,Siberian Mouse,Siberian Mouse,0,0,0,[]
1741020,SOK MIN PRO,99,Siberian Mouse,Siberian Mouse,0,0,0,[]
1741030,早苗討魔伝X2 (Sanae Toumaden X2),799,Touhou neko mini,Touhou neko mini,0,0,0,[]
1741080,Solanaceae: After All,,,,0,0,0,[]
1741100,CaseCracker Demo,,,,0,0,0,[]
1741120,Fantasy General,599,Strategic Simulations,SNEG,0,0,6,[]
1741130,Pacific General,599,Strategic Simulations,SNEG,0,0,4,[]
1741140,War Wind,,,,0,0,0,[]
1741150,War Wind II: Human Onslaught,599,DreamForge Intertainment,SNEG,0,0,0,[]
1741160,Catch Me!,999,ByteRockers' Games,ByteRockers' Games,0,0,0,[]
1741180,College Bound - Episode 2,,,,0,0,0,[]
1741190,Witch 2 Hell Adventure Lost in paintings,199,Towndarktales,Towndarktales,0,0,0,[]
1741200,Gobby Island,,,,0,0,0,[]
1741210,Speedway Challenge 2021,899,Artur Berkowski Berobasket,Artur Berkowski Berobasket,0,0,3,[]
1741220,Forbidden place,1999,Coke Cat Studio,Coke Cat Studio,0,0,0,[]
1741230,Fantasy Heroes: 4-Directional Character Editor & Sprite Sheet Maker,1999,Hippo Games,Hippo Games,0,0,0,[]
1741240,Ghostrunner Soundtrack,499,"One More Level, 3D Realms, Slipgate Ironworks™, All in! Games",505 Games ,0,0,0,[]
1741260,Faster Than Possible,199,Tegridy Made Games,Tegridy Made Games,0,0,0,[]
1741270,Solomon Division,,,,0,0,0,[]
1741280,Suicide Vegetables Demo,,,,0,0,0,[]
1741290,通向地狱 Demo,,,,0,0,0,[]
1741300,"SIT DOWN, PLEASE",199,SawyHeartGames,SawyHeartGames,0,0,0,[]
1741310,"SIT DOWN, PLEASE Soundtrack",299,SawyHeartGames,SawyHeartGames,0,0,0,[]
1740330,Gutting Goblins! Soundtrack,199,"Colin Sutton, Ciaran Shuart",XiaoKhan Games,0,0,0,[]
1740340,Gizmos: Spirit Of The Christmas Demo,,,,0,0,0,[]
1740350,SpiderHeck Demo,,,,0,0,0,[]
1740360,SpiderHeck Multiplayer Playtest,,,,0,0,0,[]
1740380,Pandea Stones,199,MegaWhee,MegaWhee,0,0,0,[]
1740390,Rogue Command Playtest,,,,0,0,0,[]
1740410,Mission Mars Demo,,,,0,0,0,[]
1740420,Colors! Maze,99,Vergiu,Vergiu,0,0,0,[]
1740430,Into the Loop Demo,,,,0,0,0,[]
1740440,SOK PRO Upgrade,99,Siberian Mouse,Siberian Mouse,0,0,0,[]
1740450,Bean and Nothingness Demo,,,,0,0,0,[]
1740470,Hot Swap: Cyberlust,199,Lieon Games,Sinnera,0,0,0,[]
1740490,The Elm Game,399,Michel,Michel,0,0,0,[]
1740520,Behind the Frame: The Finest Scenery - Art Book,299,Silver Lining Studio,"Akupara Games, Akatsuki Taiwan Inc.",0,0,0,[]
1740530,REDSIDE episode 1,799,Energy Milk,Energy Milk,0,0,0,[]
1740540,The Lands of Eldyn,,,,0,0,0,[]
1740550,Sports Betting Simulator,99,Ashina Games,Ashina Games,0,0,1,[]
1740560,Cat’s Princess - Soundtrack,339,Feather,Feather,0,0,0,[]
1740570,CURSED NIGHT - The House,799,VR Pirates Game Studio,VR Pirates Game Studio,0,0,0,[]
1740580,Necromancer's Gift Playtest,,,,0,0,0,[]
1740590,Miira,,,,0,0,0,[]
1740600,Knight&Princess,99,Superon,Superon,0,0,0,[]
1740610,ESCAPE FROM DOCY,99,Escape,Escape,0,0,0,[]
1740630,Tengin Music Engine,,,,0,0,0,[]
1740640,Castle of Delights - Artbook,254,Enygmage,Enygmage,0,0,0,[]
1740650,Fm45's Sprite Man Adventures Soundtrack,99,Fm45,Fm45,0,0,0,[]
1740660,Miraculous: Rise of the Sphinx,1999,Magic Pockets,GameMill Entertainment,0,0,2,[]
1740670,VZX Creative,1199,Vovoid Media Technologies AB,Vovoid Media Technologies AB,0,0,0,[]
1740680,Voodoo Detective,1499,"Short Sleeve Studio, LLC","Short Sleeve Studio, LLC",0,0,0,[]
1740700,Feline Sweet Demo,,,,0,0,0,[]
1740710,Three Pigeons in a Trench Coat,,,,0,0,0,[]
1740730,Flesh Water,,,,0,0,0,[]
1740750,Furry Feet - Tentacles!,99,bhungry,bhungry,0,0,0,[]
1740800,迷·局-新京医院,,,,0,0,0,[]
1739850,Howling Village,699,"FLAME Hearts Co.,Ltd.","Churapps Co.,Ltd., Chorus Worldwide Games",0,0,0,[]
1739890,Coloring Game 4 – 3-Bit Palette,199,L. Stotch,L. Stotch,0,0,0,[]
1739891,Coloring Game 4 – 4-Bit Palette,199,L. Stotch,L. Stotch,0,0,0,[]
1739900,Death of the Reprobate,,,,0,0,0,[]
1739910,Seaside Driving,399,Frozen Lake Games,Tendokore,0,0,0,[]
1739920,Tactical Monsters - Strategy Edition Demo,,,,0,0,0,[]
1739930,Marlon's Mystery,,,,0,0,0,[]
1739940,Grid Tales,899,LeHuan,LeHuan,0,0,0,[]
1739970,AFK Summoner,,,,0,0,0,[]
1739980,Clid the Snail Demo,,,,0,0,0,[]
1740000,Cute Honey: Bunny Girl,499,Lovely Games,Lovely Games,32,38,3,[]
1740010,Undead Menace,399,ASGAME,khukhrovr,0,0,0,[]
1740030,The Amazing American Circus - Dark Passenger,,,,0,0,0,[]
1740040,Kate Don't Wait Demo,,,,0,0,0,[]
1740050,Hidden Objects - Sleeping Beauty,299,Crisp App Studio,Crisp App Studio,0,0,1,[]
1740060,Lunistice Demo,,,,0,0,0,[]
1740070,Heliopedia,499,Sokpop Collective,Sokpop Collective,175,175,1,[]
1740080,Level Up Simulator,199,Ashley H.,Ashley H.,0,0,0,[]
1740090,Monsters per second Demo,,,,0,0,0,[]
1740120,UFO Checkers,,,,0,0,0,[]
1740140,SWAT,0,Team SWAT,Team SWAT,0,0,1,[]
1740150,A.W.O.L.,,,,0,0,0,[]
1740170,Tap Tap Builder,499,Hippo Games,Hippo Games,0,0,1,[]
1740180,Bombs Away,1199,Games and Company,Games and Company,0,0,0,[]
1740210,Lumencraft Demo,,,,0,0,0,[]
1740220,The Old Ones,,,,0,0,0,[]
1740230,Furquest,,,,0,0,0,[]
1740240,100 hidden cups,49,"Anatoliy Loginovskikh, Igor Shalimov",Anatoliy Loginovskikh,0,0,0,[]
1740250,Strange Town,,,,0,0,0,[]
1740260,Gizmos: Interstellar Voyage Demo,,,,0,0,0,[]
1740270,Dynarog 2,,,,0,0,0,[]
1740290,God of Riffs Demo,,,,0,0,0,[]
1740300,Shumi Come Home,,,,0,0,0,[]
1740310,Tiny Witch,,,,0,0,0,[]
1740320,Gutting Goblins!,0,Ciaran Shuart,XiaoKhan Games,0,0,0,[]
1739340,Mr. Hopp's Manor Escape,399,Moonbit,Moonbit,0,0,1,[]
1739360,Hold The Plates,0,12x1 Doze Por Um Studio,Ricardo Rodrigues Games,0,0,0,[]
1739400,Chicken Duty,,,,0,0,0,[]
1739410,Bingo on Stream Playtest,,,,0,0,0,[]
1739420,Chessie Chicken,799,OMEGABYTE,OMEGABYTE,0,0,0,[]
1739440,Galactic Chef Playtest,,,,0,0,0,[]
1739450,Genetic Fluff Demo,,,,0,0,0,[]
1739460,Galactic Chef Demo,,,,0,0,0,[]
1739480,Hordebreaker,99,Samuel Whipple,Samuel Whipple,0,0,0,[]
1739500,CAGE-FACE | Case 2: The Sewer,199,Alex Olinkiewicz,A.O.Games,0,0,0,[]
1739510,Sinfeld Remastered Playtest,,,,0,0,0,[]
1739520,Nysunder,,,,0,0,0,[]
1739530,EXCALIBURIAN!!,,,,0,0,0,[]
1739540,Moon Caves Demo,,,,0,0,0,[]
1739550,Power to the People Playtest,,,,0,0,0,[]
1739560,Spirittracker,199,Sean Stanley,Sean Stanley,0,0,0,[]
1739590,LunarManVideoLibrary~月球人视频库,299,LunarManStudio,LunarManStudio,0,0,0,[]
1739600,龙魂大冒险,,,,0,0,0,[]
1739610,九州战歌,,,,0,0,0,[]
1739620,Chester’s Revenge,,,,0,0,0,[]
1739630,直播经纪人,,,,0,0,0,[]
1739640,Billiards Legend:Black 8 Miracle,599,MiniSports,MiniSports,0,0,0,[]
1739680,Tales of a Rabbit: The Story of Willie Hop,99,Not Awful Studio,Not Awful Studio,0,0,0,[]
1739710,Dreams Of The Elements,499,"Nicholas Stephens, Crusader's Fellowship",Crusader's Fellowship,0,0,0,[]
1739740,Heart Lock OST,99,Lunar Penguin Media LLC,Lunar Penguin Media LLC,0,0,0,[]
1739770,Parking light,1899,Vitok,Vitok,0,0,0,[]
1739790,Alina of the Arena Demo,,,,0,0,0,[]
1739800,Damn Ropes,,,,0,0,0,[]
1739820,Grammarian Ltd Demo,,,,0,0,0,[]
1738870,Gizmos: Spooky Adventures Demo,,,,0,0,0,[]
1738880,Gewevo : Interstellaire,1199,Victor Filipiak,Victor Filipiak,0,0,0,[]
1738890,Naval Hurricane,999,Efril,Efril,0,0,0,[]
1738900,King of Dragon Pass Soundtrack,,,,0,0,0,[]
1738980,A Hat in Time - Vanessa's Curse,299,CreatorDLC,Gears for Breakfast,0,0,0,[]
1738990,Elf Sex Farm,1499,R's,Playmeow,362,362,15,[]
1739000,Franchise Hockey Manager 8,1999,"Out of the Park Developments, Minos Games",Out of the Park Developments,26,26,53,[]
1739010,Out of the Park Baseball 23,1999,Out of the Park Developments,Out of the Park Developments,18670,18670,1187,[]
1739020,World of Warships — Oktyabrskaya Revolutsiya,1499,Wargaming Group Limited,Wargaming Group Limited,0,0,0,[]
1739030,Immortal-Paradise,,,,0,0,0,[]
1739050,Victory Heat Rally: Shakedown Demo,,,,0,0,0,[]
1739060,Bubble Breaking,199,Gerald W Lynch,GJ Arts,0,0,0,[]
1739080,Woodcutter Warrior,,,,0,0,0,[]
1739090,The Majesti Soundtrack,499,Wise Dad Games,Wise Dad Games,0,0,0,[]
1739100,Not Another Dungeon?!,,,,0,0,0,[]
1739110,Song of Iron OST,559,Resting Relic,,0,0,0,[]
1739120,Railroad Corporation - All or Nothing DLC,374,Corbie Games,,0,0,0,[]
1739130,CornMaze Craze,299,Elmok,Elmok,0,0,0,[]
1739150,Spookity Hollow,799,Joure Visser,Joure Visser,0,0,0,[]
1739160,――ｯ違う!!!,1499,"StudioThursday, Inc.","StudioThursday, Inc.",0,0,0,[]
1739200,Combo Babies,999,Nucko Games,Nucko Games,0,0,0,[]
1739230,Those who Came Demo,,,,0,0,0,[]
1739240,GUN AND BUCKLER Playtest,,,,0,0,0,[]
1739250,Hourglass Demo,,,,0,0,0,[]
1739260,Sacred Gems,,,,0,0,0,[]
1739270,Rise of the Third Power Demo,,,,0,0,0,[]
1739280,Bramblewood,,,,0,0,0,[]
1739300,Smack Studio,1499,ThirdPixel Interactive,ThirdPixel Interactive,0,0,1,[]
1739320,――ｯ違う!!! Demo,,,,0,0,0,[]
1738390,Experience x3 - Justice Chronicles,499,"Hit-Point Co.,Ltd.",KEMCO,0,0,0,[]
1738391,Magic Meteorite Growth x3 - Justice Chronicles,299,"Hit-Point Co.,Ltd.",KEMCO,0,0,0,[]
1738392,Damage x2 - Justice Chronicles,499,"Hit-Point Co.,Ltd.",KEMCO,0,0,0,[]
1738420,Sinsations,2499,Frigid Delights Studios LLC,Frigid Delights Studios LLC,0,0,0,[]
1738440,Trainz 2019 DLC - PREG Bmnopux 003,599,i29tsro,N3V Games,0,0,0,[]
1738480,ZooSquad,,,,0,0,0,[]
1738490,からかい上手の高木さんVR 2学期,1399,KAYAC Inc.,KAYAC Inc.					,0,0,1,[]
1738500,velvet clouds,999,Danicy,Piece Of Voxel,0,0,0,[]
1738510,Trainz 2019 DLC - PREG B16mnopux 087,599,i29tsro,N3V Games,0,0,0,[]
1738540,Dancing Cube,899,Soft Mountain,Soft Mountain,0,0,0,[]
1738550,Dalruan: World of Magic,299,UltraPwned Gaming,UltraPwned Gaming,0,0,0,[]
1738570,燕赤霞,499,XiGeHong,XiGeHong,0,0,0,[]
1738580,Cross Numbers Demo,,,,0,0,0,[]
1738610,First Class Escape: The Train of Thought,699,0 Deer Soft,0 Deer Soft Partnership,244,244,7,[]
1738630,Fantasy Sliding Puzzle,299,Lolita LineArt,DIG Publishing,0,0,0,[]
1738650,Space Doomer,99,Rex Junior,Rex Junior,0,0,0,[]
1738670,Fairground Power Polyp Simulator,594,"CodeGraphX, Semmi Kabel",CodeGraphX,0,0,0,[]
1738690,Tomb Rumble - Cursed vampire,499,Atelier 801,Atelier 801,0,0,0,[]
1738700,Tomb Rumble - Home,499,Atelier 801,Atelier 801,0,0,0,[]
1738710,SCP: Observer,,,,0,0,0,[]
1738730,JUMANJI - The Curse Returns Soundtrack,499,Marmalade Game Studio Ltd,,0,0,0,[]
1738740,七雄纷争,,,,0,0,0,[]
1738770,Tainted Grail Soundtrack,999,Awaken Realms Digital,Awaken Realms Digital,0,0,0,[]
1738780,Beku Demo,,,,0,0,0,[]
1738800,Outworlder Server,,,,0,0,0,[]
1738830,This Is Crying,,,,0,0,0,[]
1738840,Fragments Of A Mind Demo,,,,0,0,0,[]
1738850,Plumber 3,799,anyfreegame,anyfreegame,0,0,0,[]
1738229,"THE IDOLM@STER STARLIT SEASON - 400,000 Money #03",,,,0,0,0,[]
1738230,THE IDOLM@STER STARLIT SEASON - Kaede's Stage Production Set,,,,0,0,0,[]
1738231,THE IDOLM@STER STARLIT SEASON - Special Item Bundle #03,,,,0,0,0,[]
1738232,"THE IDOLM@STER STARLIT SEASON - Story 02 ""Luminous Azure"" Bundle",,,,0,0,0,[]
1738250,DIY Your lady - DIY Your Nurse,59,William at Oxford,,0,0,0,[]
1738270,Minable & Create Demo,,,,0,0,0,[]
1738280,THE IDOLM@STER STARLIT SEASON - Chocolat Mint Party,,,,0,0,0,[]
1738281,THE IDOLM@STER STARLIT SEASON - Red Seed UR: 10 #04,,,,0,0,0,[]
1738282,THE IDOLM@STER STARLIT SEASON - Blue Seed UR: 10 #04,,,,0,0,0,[]
1738283,THE IDOLM@STER STARLIT SEASON - Yellow Seed UR: 10 #04,,,,0,0,0,[]
1738284,THE IDOLM@STER STARLIT SEASON - Green Seed UR: 10 #04,,,,0,0,0,[]
1738285,"THE IDOLM@STER STARLIT SEASON - 200,000 Money #04",,,,0,0,0,[]
1738286,"THE IDOLM@STER STARLIT SEASON - 400,000 Money #04",,,,0,0,0,[]
1738287,THE IDOLM@STER STARLIT SEASON - Kotoha's Stage Production Set,,,,0,0,0,[]
1738288,THE IDOLM@STER STARLIT SEASON - Leon's Stage Production Set,,,,0,0,0,[]
1738289,THE IDOLM@STER STARLIT SEASON - Shika's Stage Production Set,,,,0,0,0,[]
1738290,THE IDOLM@STER STARLIT SEASON - Aya's Stage Production Set,,,,0,0,0,[]
1738291,"THE IDOLM@STER STARLIT SEASON - Story 03 ""Luminous Rufus"" Bundle",,,,0,0,0,[]
1738292,"THE IDOLM@STER STARLIT SEASON - ""Diamant"" Stage Production Set Bundle",,,,0,0,0,[]
1738295,THE IDOLM@STER STARLIT SEASON - Special Item Bundle #04,,,,0,0,0,[]
1738310,THE IDOLM@STER STARLIT SEASON - Victory Dream,,,,0,0,0,[]
1738311,THE IDOLM@STER STARLIT SEASON - Red Seed UR: 10 #05,,,,0,0,0,[]
1738312,THE IDOLM@STER STARLIT SEASON - Blue Seed UR: 10 #05,,,,0,0,0,[]
1738313,THE IDOLM@STER STARLIT SEASON - Yellow Seed UR: 10 #05,,,,0,0,0,[]
1738314,THE IDOLM@STER STARLIT SEASON - Green Seed UR: 10 #05,,,,0,0,0,[]
1738315,"THE IDOLM@STER STARLIT SEASON - 200,000 Money #05",,,,0,0,0,[]
1738316,"THE IDOLM@STER STARLIT SEASON - 400,000 Money #05",,,,0,0,0,[]
1738317,THE IDOLM@STER STARLIT SEASON -Mamimi's Stage Production Set,,,,0,0,0,[]
1738318,"THE IDOLM@STER STARLIT SEASON - Story 04 ""Luminous Giallo"" Bundle",,,,0,0,0,[]
1738319,THE IDOLM@STER STARLIT SEASON - Special Item Bundle #05,,,,0,0,0,[]
1738330,THE IDOLM@STER STARLIT SEASON - Noble Heart,,,,0,0,0,[]
1738331,THE IDOLM@STER STARLIT SEASON - Red Seed UR: 10 #06,,,,0,0,0,[]
1738332,THE IDOLM@STER STARLIT SEASON - Blue Seed UR: 10 #06,,,,0,0,0,[]
1738333,THE IDOLM@STER STARLIT SEASON - Yellow Seed UR: 10 #06,,,,0,0,0,[]
1738334,THE IDOLM@STER STARLIT SEASON - Green Seed UR: 10 #06,,,,0,0,0,[]
1738335,"THE IDOLM@STER STARLIT SEASON - 200,000 Money #06",,,,0,0,0,[]
1738336,"THE IDOLM@STER STARLIT SEASON - 400,000 Money #06",,,,0,0,0,[]
1738337,"THE IDOLM@STER STARLIT SEASON - Story 05 ""Starlit Rainbow"" Bundle",,,,0,0,0,[]
1738338,THE IDOLM@STER STARLIT SEASON - Special item set #06,,,,0,0,0,[]
1738350,西湖断桥白娘子——火龙拓展包,699,Wuwukai studio,,0,0,0,[]
1738360,西湖断桥白娘子——元宝拓展包,1899,Wuwukai studio,Wuwukai studio,0,0,0,[]
1738370,西湖断桥白娘子——神兽之灵拓展包,1299,Wuwukai studio,,0,0,0,[]
1738380,西湖断桥白娘子——云梦狐拓展包,999,Wuwukai studio,,0,0,0,[]
1737920,Midnight Calling: Valeria Collector's Edition,999,Elephant Games,Big Fish Games,0,0,0,[]
1737930,Fantasy Jigsaw Puzzle 3 - ArtBook,49,Lolita LineArt,DIG Publishing,0,0,0,[]
1737950,RPGScenery - Medieval Port Scene,699,RPGScenery,RPGScenery,0,0,0,[]
1737960,Vigilance 2099,,,,0,0,0,[]
1737980,Galacticon,499,Radin Games,Flynn's Arcade,0,0,0,[]
1738020,Cookie Clicker Soundtrack,499,C418,Playsaurus,0,0,0,[]
1738100,Puzzle Light: Connect,99,Waidy Andrade,Cronostase,0,0,0,[]
1738140,Campfire Tales,399,Mow Mow,Mow Mow,0,0,0,[]
1738150,Draft Day Sports: Pro Football 2022,2499,Wolverine Studios,Wolverine Studios,0,0,8,[]
1738160,The Last Cadet,,,,0,0,0,[]
1738180,THE IDOLM@STER STARLIT SEASON - Nando demo waraou,,,,0,0,0,[]
1738181,THE IDOLM@STER STARLIT SEASON - M@STERPIECE,,,,0,0,0,[]
1738182,THE IDOLM@STER STARLIT SEASON - Starpiece Memories,,,,0,0,0,[]
1738190,THE IDOLM@STER STARLIT SEASON - Pure White Swimwear,,,,0,0,0,[]
1738200,THE IDOLM@STER STARLIT SEASON - Twilight Lavender,,,,0,0,0,[]
1738201,THE IDOLM@STER STARLIT SEASON - Red Seed UR: 10 #02,,,,0,0,0,[]
1738202,THE IDOLM@STER STARLIT SEASON - Blue Seed UR: 10 #02,,,,0,0,0,[]
1738203,THE IDOLM@STER STARLIT SEASON - Yellow Seed UR: 10 #02,,,,0,0,0,[]
1738204,THE IDOLM@STER STARLIT SEASON - Green Seed UR: 10 #02,,,,0,0,0,[]
1738205,"THE IDOLM@STER STARLIT SEASON - 200,000 Money #02",,,,0,0,0,[]
1738206,"THE IDOLM@STER STARLIT SEASON - 400,000 Money #02",,,,0,0,0,[]
1738207,"THE IDOLM@STER STARLIT SEASON - ""Secret Message"" Story",,,,0,0,0,[]
1738208,"THE IDOLM@STER STARLIT SEASON - Story 01 ""Smile Festa"" Bundle",,,,0,0,0,[]
1738209,THE IDOLM@STER STARLIT SEASON - ACE COMBAT 7 Original Costume Bundle,,,,0,0,0,[]
1738210,THE IDOLM@STER STARLIT SEASON - Special Item Bundle #02,,,,0,0,0,[]
1738220,THE IDOLM@STER STARLIT SEASON - Akatsuki Yukata,,,,0,0,0,[]
1738221,THE IDOLM@STER STARLIT SEASON - Neon Night,,,,0,0,0,[]
1738222,THE IDOLM@STER STARLIT SEASON - Secret Garden,,,,0,0,0,[]
1738223,THE IDOLM@STER STARLIT SEASON - Midnight Gallery,,,,0,0,0,[]
1738224,THE IDOLM@STER STARLIT SEASON - Red Seed UR: 10 #03,,,,0,0,0,[]
1738225,THE IDOLM@STER STARLIT SEASON - Blue Seed UR: 10 #03,,,,0,0,0,[]
1738226,THE IDOLM@STER STARLIT SEASON - Yellow Seed UR: 10 #03,,,,0,0,0,[]
1738227,THE IDOLM@STER STARLIT SEASON - Green Seed UR: 10 #03,,,,0,0,0,[]
1738228,"THE IDOLM@STER STARLIT SEASON - 200,000 Money #03",,,,0,0,0,[]
1737460,Into The Abyss,999,Hellbrewed Productions,Hellbrewed Productions,0,0,0,[]
1737470,Division of Labour,,,,0,0,0,[]
1737480,Super,199,Fire Game Studios,Fire Game Studios,0,0,0,[]
1737510,Hardworking Hero,499,OZ33 Lab,OZ33 Lab,0,0,0,[]
1737530,DarkTimes,,,,0,0,0,[]
1737540,Wirewalk()↳ Soundtrack,149,daniserranu,daniserranu,0,0,0,[]
1737550,Warships Final Battle,,,,0,0,0,[]
1737560,Backbeat Demo,,,,0,0,0,[]
1737570,Shindig Soundtrack,299,Imaginary Friends Games LLP,Imaginary Friends Games LLP,0,0,0,[]
1737580,Timemelters Demo,,,,0,0,0,[]
1737600,Alphabetical Order,199,PI.NNY,PI.NNY,0,0,0,[]
1737620,Please Duology,499,Somewhat Software,Somewhat Software,0,0,0,[]
1737630,Super Jigsaw Puzzle: Generations - Canada,599,Flat Cat Games,Flat Cat Games,0,0,0,[]
1737631,Super Jigsaw Puzzle: Generations - Street Art,899,Flat Cat Games,Flat Cat Games,0,0,0,[]
1737632,Super Jigsaw Puzzle: Generations - Winter 2021,599,Flat Cat Games,Flat Cat Games,0,0,0,[]
1737640,Theory of Poltaran,999,Stylua Games,Stylua Games,0,0,0,[]
1737650,Stardrytch Playtest,,,,0,0,0,[]
1737660,Hot Vacation Wallpapers,399,"PixelBestStudio, SosiskaGames",PixelBestStudio,0,0,0,[]
1737661,Hot Vacation Wallpapers 18+,399,"PixelBestStudio, SosiskaGames",PixelBestStudio,0,0,0,[]
1737700,Raptor Boyfriend Soundtrack,499,Rocket Adrift,Rocket Adrift,0,0,0,[]
1737720,Themes of Dark and Light Demo,,,,0,0,0,[]
1737730,Neko Journey,499,"Feas, Axyos Games",Feas,0,0,1,[]
1737750,Three in a Rogue,,,,0,0,0,[]
1737760,Platonic,1999,FidgetBear Games,FidgetBear Games,0,0,0,[]
1737780,Plushie from the Sky Demo,,,,0,0,0,[]
1737810,Astria Ascending Soundtrack,699,Artisan Studio,Dear Villagers,0,0,0,[]
1737830,Floppy and the Sleepy Planet,,,,0,0,0,[]
1737840,Virtual world-Digital girl,499,At 18 o 'clock,At 18 o 'clock,0,0,0,[]
1737860,Born Into Fear Demo,,,,0,0,0,[]
1737880,Citizens: Far Lands Demo,,,,0,0,0,[]
1737890,Lúcido,,,,0,0,0,[]
1737900,Voice Visualizer Playtest,,,,0,0,0,[]
1737910,XPELLIT,,,,0,0,0,[]
1736994,Dominion - Intrigue: 1st Edition,499,Temple Gates Games,Temple Gates Games,0,0,0,[]
1737010,Collector Thief,299,Heartbeat Game Studio,Heartbeat Game Studio,0,0,0,[]
1737040,Motor Town: Behind The Wheel Beta Demo,,,,0,0,0,[]
1737050,War and Empires,,,,0,0,0,[]
1737070,风起长安：驭骨人,1399,轻梨工作室,咕咕工作室,367,367,2,[]
1737130,Ducky,499,Luke McCrea,Luke McCrea,0,0,0,[]
1737150,Scarlet and Blank,,,,0,0,0,[]
1737170,Among Dots,499,"Octane, JKK_WORKS","Octane, JKK_WORKS",0,0,0,[]
1737180,Transiruby Demo,,,,0,0,0,[]
1737200,Ardarium,99,Daniel Cox,Daniel Cox,0,0,0,[]
1737210,Fracture Hell Demo,,,,0,0,0,[]
1737220,Myriads: Renaissance,,,,0,0,0,[]
1737240,天气,99,Grainrain Studio,Grainrain Studio,0,0,0,[]
1737250,RPG Maker MV - Eberouge Background Image Pack 4,1019,Five Happiness Co Ltd,Degica,0,0,0,[]
1737260,RPG Maker MZ - Eberouge Background Image Pack 4,1199,Five Happiness Co Ltd,Degica,0,0,0,[]
1737270,魔王的简易用法 - 魔晶礼包Ⅰ,99,双星骑,双星骑,0,0,0,[]
1737280,Bad animals - rabbit,199,Zerobit,Zerobit,0,0,1,[]
1737310,Dragon Island Demo,,,,0,0,0,[]
1737330,雾尽时分,999,济沧海工作室,Pujia8 Studio,0,0,3,[]
1737340,通神榜 Taoist of Legend,,,,0,0,0,[]
1737350,World of Tanks — Rugged Mountaineer Pack,2999,Wargaming Group Limited,Wargaming Group Limited,0,0,0,[]
1737351,World of Tanks — Blistering Firebrand Pack,239,Wargaming Group Limited,Wargaming Group Limited,0,0,0,[]
1737352,World of Tanks — Premium Month Pack,1999,Wargaming Group Limited,Wargaming Group Limited,0,0,0,[]
1737370,Jurassic Architect,,,,0,0,0,[]
1737400,Kick Bastards,,,,0,0,0,[]
1737410,Reshaping Mars Soundtrack,99,Tholus Games,,0,0,0,[]
1737420,Terra Ventura Demo,,,,0,0,0,[]
1737430,Life of Delta Demo,,,,0,0,0,[]
1737440,Trip Saber,399,Eirtep,Eirtep,0,0,0,[]
1737450,Motorcycle Biker Simulator,399,MBPStudio22,MBPStudio22,0,0,0,[]
1736782,RPGScenery - Stairway in a Gorge Scene,349,RPGScenery,RPGScenery,0,0,0,[]
1736783,RPGScenery - Castle Gate Scene,699,RPGScenery,RPGScenery,0,0,0,[]
1736784,RPGScenery - Giant Tree Scene,699,RPGScenery,RPGScenery,0,0,0,[]
1736785,RPGScenery - Magical Circle Scene,699,RPGScenery,RPGScenery,0,0,0,[]
1736786,RPGScenery - Bandit Hideout Scene,699,RPGScenery,RPGScenery,0,0,0,[]
1736787,RPGScenery - Tavern Scene,699,RPGScenery,RPGScenery,0,0,0,[]
1736788,RPGScenery - Ridge Creek Scene,349,RPGScenery,PGScenery,0,0,0,[]
1736789,RPGScenery - Ship Scene,699,RPGScenery,RPGScenery,0,0,0,[]
1736790,RPGScenery - Dungeon Scene,699,RPGScenery,RPGScenery,0,0,0,[]
1736800,RPGScenery - Fishing Village Scene,699,RPGScenery,RPGScenery,0,0,0,[]
1736801,RPGScenery - Stone Desert Scene,699,RPGScenery,RPGScenery,0,0,0,[]
1736802,RPGScenery - River Settlement Scene,699,RPGScenery,RPGScenery,0,0,0,[]
1736803,RPGScenery - Log Fort Scene,699,RPGScenery,RPGScenery,0,0,0,[]
1736804,RPGScenery - Lake Scene,699,RPGScenery,RPGScenery,0,0,0,[]
1736805,RPGScenery - Cemetery Scene,699,RPGScenery,RPGScenery,0,0,0,[]
1736806,RPGScenery - Dwarven Hall Scene,699,RPGScenery,RPGScenery,0,0,0,[]
1736807,RPGScenery - Port Island Scene,699,RPGScenery,RPGScenery,0,0,0,[]
1736808,RPGScenery - Dragon Bones Scene,349,RPGScenery,RPGScenery,0,0,0,[]
1736809,RPGScenery - Jungle Scene,699,RPGScenery,PGScenery,0,0,0,[]
1736810,RPGScenery - Sewers Scene,,,,0,0,0,[]
1736811,RPGScenery - Tollgate Scene,699,RPGScenery,RPGScenery,0,0,0,[]
1736813,RPGScenery - Sky Temple Scene,699,RPGScenery,RPGScenery,0,0,0,[]
1736814,RPGScenery - Hole Village Scene,699,RPGScenery,RPGScenery,0,0,0,[]
1736815,RPGScenery - Dark Wood Scene,699,RPGScenery,RPGScenery,0,0,0,[]
1736816,RPGScenery - Wizard Cave Scene,349,RPGScenery,RPGScenery,0,0,0,[]
1736817,RPGScenery - Norse Village Scene,699,RPGScenery,RPGScenery,0,0,0,[]
1736818,RPGScenery - Castle Ruins Scene,699,RPGScenery,RPGScenery,0,0,0,[]
1736819,RPGScenery - Mine Scene,349,RPGScenery,RPGScenery,0,0,0,[]
1736820,RPGScenery - Small Town Scene,699,RPGScenery,RPGScenery,0,0,0,[]
1736821,RPGScenery - Grassland Scene,699,RPGScenery,RPGScenery,0,0,0,[]
1736822,RPGScenery - Fortress Gate Scene,699,RPGScenery,RPGScenery,0,0,0,[]
1736830,The Chewllers,,,,0,0,0,[]
1736840,From Paris with Love: Passion with view,499,NSFW18 Games,NSFW18 Games,33,33,1,[]
1736850,Camp Palut,1499,Bearly Playing Games,Bearly Playing Games,0,0,0,[]
1736900,Legends of Snooker: One Shot,99,APC STUDIO,APC STUDIO,0,0,0,[]
1736910,Insomnia Jigsaw,,,,0,0,0,[]
1736930,APICO Playtest,,,,0,0,0,[]
1736940,Blankspace - Digital Artbook (+Wallpaper Pack),249,NoBreadStudio,NoBreadStudio,0,0,0,[]
1736950,Blankspace - Additional Text Patch (18+),,,,0,0,0,[]
1736960,Pumpkins Playtest,,,,0,0,0,[]
1736970,Dark Colors,,,,0,0,0,[]
1736980,BounceShot,499,"Cottage Street Interactive, Zackavelli",Cottage Street Interactive,0,0,1,[]
1736990,Dominion - Black Market,499,Temple Gates Games,Temple Gates Games,0,0,0,[]
1736991,Dominion - Promo Pack 1,499,Temple Gates Games,Temple Gates Games,0,0,0,[]
1736992,Dominion - Promo Pack 2,499,Temple Gates Games,Temple Gates Games,0,0,0,[]
1736993,Dominion - Base Set: 1st Edition,499,Temple Gates Games,Temple Gates Games,0,0,0,[]
1736330,Chicken Cannon Demo,,,,0,0,0,[]
1736340,Field of Glory II: Medieval - Storm of Arrows,1199,Byzantine Games,Slitherine Ltd.,0,0,0,[]
1736360,Hentai Sakura 🌸🌊,,,,237,237,0,[]
1736370,Souno's Curse Demo,,,,0,0,0,[]
1736380,Fireside Playtest,,,,0,0,0,[]
1736390,Red Solstice 2: Survivors - HOWELL-BARREX INC.,1099,Ironward,505 Games,0,0,0,[]
1736400,TramSim Munich,3499,ViewApp,Aerosoft GmbH,0,0,6,[]
1736430,Mage Tower: Call of Zadeus Playtest,,,,0,0,0,[]
1736450,Colonize Prologue,,,,0,0,0,[]
1736460,The Little Spirit of the East,,,,0,0,0,[]
1736470,The Little Spirit of the East Demo,,,,0,0,0,[]
1736480,YOGA MASTER,2499,My World,My World srls,0,0,0,[]
1736490,Lazy Girl,49,КиКо,КиКо,0,0,0,[]
1736510,Anxiety Treatment with Relaxation Demo,,,,0,0,0,[]
1736530,Shadow Wave - Revenger,,,,0,0,0,[]
1736540,Orbit.Industries Demo,,,,0,0,0,[]
1736560,Weakpoint Delta,899,JLundhoj,JLundhoj,0,0,0,[]
1736590,Shambled Spiral,199,DeltaGemini,DeltaGemini,0,0,0,[]
1736620,The Eightfold Path,,,,0,0,0,[]
1736630,Minesweeper Ultimate,299,RetroBug,RetroBug,0,0,5,[]
1736640,Rogue Company - Radioactive Revenant Pack,1499,First Watch Games,Hi-Rez Studios,0,0,0,[]
1736670,Tilting Tiles,499,TreeFall Studios L.L.C.,TreeFall Studios L.L.C.,0,0,0,[]
1736680,Xio: Survival,1999,FOUR,Dirty Bird Games,0,0,0,[]
1736690,Terror of Hemasaurus Demo,,,,0,0,0,[]
1736700,Aeon's End - The New Age,1499,Handelabra Games Inc.,Handelabra Games Inc.,0,0,0,[]
1736710,Mummy Sandbox,299,Z. Bill,Z. Bill,0,0,0,[]
1736722,Battle Pass - Year 5 Season 3 - Ubisoft Activation,,,,0,0,0,[]
1736723,Battle Bundle - Year 5 Season 3 - Ubisoft Activation,,,,0,0,0,[]
1736730,Don't Get Tagged,,,,0,0,0,[]
1736740,Cactus Simulator - Bofete Stories,49,Dreamlike,Dreamlike,0,0,0,[]
1736770,Storms II Playtest,,,,0,0,0,[]
1736780,RPGScenery - Light Forest Scene,699,RPGScenery,RPGScenery,0,0,0,[]
1736781,RPGScenery - Farm Countryside Scene,699,RPGScenery,RPGScenery,0,0,0,[]
1735900,破坏艺术家 Demo,,,,0,0,0,[]
1735930,SICK,999,Michael Derek,Michael Derek,0,0,0,[]
1735950,纸嫁衣,799,HeartBeat Plus,HeartBeat Plus,129,189,27,[]
1735970,Maison Rouge,,,,0,0,0,[]
1735980,Love Flute,999,"TALESSHOP Co., Ltd.","TALESSHOP Co., Ltd.",0,0,0,[]
1735990,Drakkar Crew Demo,,,,0,0,0,[]
1736000,异星夺宝,299,Dimowgames,Dimowgames,0,0,0,[]
1736010,双腕のソルダート,,,,0,0,0,[]
1736020,Papertris Demo,,,,0,0,0,[]
1736050,Trial of Two Demo,,,,0,0,0,[]
1736060,Zodiac Legion Demo,,,,0,0,0,[]
1736090,Demolish & Build VR,1999,Ultimate VR,"Ultimate VR, Demolish Games",0,0,0,[]
1736100,Figurine Scene Simulator: Titanium Core Franchise,,,,0,0,0,[]
1736102,Figurine Scene Simulator: Bedtime Stories Franchise,,,,0,0,0,[]
1736103,Figurine Scene Simulator: Silver Wrapper Franchise (NSFW),,,,0,0,0,[]
